<xml xmlns:o="urn:schemas-microsoft-com:office:office">
 <o:MainFile HRef="../index.htm"/>
 <o:File HRef="image323.gif"/>
 <o:File HRef="image324.gif"/>
 <o:File HRef="image325.gif"/>
 <o:File HRef="image326.gif"/>
 <o:File HRef="image327.gif"/>
 <o:File HRef="image328.gif"/>
 <o:File HRef="image329.gif"/>
 <o:File HRef="image330.gif"/>
 <o:File HRef="image342.gif"/>
 <o:File HRef="image369.gif"/>
 <o:File HRef="image371.gif"/>
 <o:File HRef="tokenenized_lists.htm"/>
 <o:File HRef="image385.gif"/>
 <o:File HRef="image318.gif"/>
 <o:File HRef="image321.gif"/>
 <o:File HRef="image467.gif"/>
 <o:File HRef="ini_files.htm"/>
 <o:File HRef="image364.gif"/>
 <o:File HRef="image370.gif"/>
 <o:File HRef="image356.gif"/>
 <o:File HRef="image384.gif"/>
 <o:File HRef="image538.gif"/>
 <o:File HRef="txt_files.htm"/>
 <o:File HRef="image421.gif"/>
 <o:File HRef="image422.gif"/>
 <o:File HRef="image458.gif"/>
 <o:File HRef="image581.gif"/>
 <o:File HRef="custom_windows.htm"/>
 <o:File HRef="image786.gif"/>
 <o:File HRef="image808.gif"/>
 <o:File HRef="hash_tables.htm"/>
 <o:File HRef="image571.gif"/>
 <o:File HRef="image637.gif"/>
 <o:File HRef="binvars.htm"/>
 <o:File HRef="image551.gif"/>
 <o:File HRef="image552.gif"/>
 <o:File HRef="image553.gif"/>
 <o:File HRef="image432.gif"/>
 <o:File HRef="design.htm"/>
 <o:File HRef="image648.gif"/>
 <o:File HRef="image654.gif"/>
 <o:File HRef="image691.gif"/>
 <o:File HRef="image724.gif"/>
 <o:File HRef="filelist.xml"/>
</xml>